Report Date,Nitrogen (%) M-101A,Nitrogen (%) M-101B,CO2 (%) M-101A,CO2 (%) M-101B,H2S (%) M-101A,H2S (%) M-101B,H2O (%) M-101A,H2O (%) M-101B,Methane (%) M-101A,Methane (%) M-101B,Ethane (%) M-101A,Ethane (%) M-101B,Propane (%) M-101A,Propane (%) M-101B,n-Butane (%) M-101A,n-Butane (%) M-101B,i-Butane (%) M-101A,i-Butane (%) M-101B,n-Pentane (%) M-101A,n-Pentane (%) M-101B,i-Pentane (%) M-101A,i-Pentane (%) M-101B,Hexane (%) M-101A,Hexane (%) M-101B,Heptane (%) M-101A,Heptane (%) M-101B,Octane (%) M-101A,Octane (%) M-101B,Nonane (%) M-101A,Nonane (%) M-101B,Decane (%) M-101A,Decane (%) M-101B
2026-05-01,0.26,,0.6,,0,0,0.06,0.06,96.52,96.52,1.82,1.82,0.46,0.46,0,0,0.24,0.24,0.16,0.16,0.16,0.16,0,0,0,0,0,0,0,0,0,0
2026-05-02,0.26,,0.6,,0,0,0,0,96.52,96.52,1.82,1.82,0.46,0.46,0,0,0.24,0.24,0.16,0.16,0.16,0.16,0,0,0,0,0,0,0,0,0,0
2026-05-03,0.26,,0.6,,0,0,0,0,96.52,96.52,1.82,1.82,0.46,0.46,0.24,0.24,0,0,0.6,0.6,0.6,0.6,0,0,0,0,0,0,0,0,0,0
2026-05-04,0.26,,0.6,,0,0,0.66,0.66,96.52,96.52,1.82,1.82,0.46,0.46,0,0,0.24,0.24,0.16,0.16,0.16,0.16,0,0,0,0,0,0,0,0,0,0
2026-05-05,0.26,,0.6,,,,,,96.52,96.52,1.82,1.82,0.46,0.46,,,,,,,,,,,,,,,,,,
2026-05-06,0.26,,0.6,,0,0,0,0,96.52,96.52,1.82,1.82,0.46,0.46,0.24,0.24,0,0,0,0,0,0,0,0,0,0,0,0,0,0,0,0
2026-05-07,0.26,,0.6,,0,0,0,0,96.52,96.52,1.82,1.82,0.46,0.46,0,0,0.24,0.24,0.1,0.1,0.1,0.1,0,0,0,0,0,0,0,0,0,0
2026-05-08,0.26,,0.6,,0,0,0,0,96.52,96.52,1.82,1.82,0.46,0.46,0,0,0.24,0.24,0.1,0.1,0.1,0.1,0,0,0,0,0,0,0,0,0,0
2026-05-09,0.41,,4.59,,0,0,0,0,82.85,82.85,6.81,6.81,3.37,3.37,0.55,0.55,0.18,0.18,0.7,0.7,0.7,0.7,0.07,0.07,0.09,0.09,0.03,0.03,0,0,0,0
2026-05-10,0.41,,4.59,,0,0,0,0,82.85,82.85,6.81,6.81,3.37,3.37,0.55,0.55,0.18,0.18,0.78,0.78,0.78,0.78,0.07,0.07,0.09,0.09,0.03,0.03,0,0,0,0
2026-05-11,0.41,,4.59,,0,0,0,0,82.85,82.85,6.81,6.81,3.37,3.37,0.55,0.55,0.18,0.18,0.78,0.78,0.78,0.78,0.07,0.07,0.09,0.09,0.03,0.03,0,0,0,0
2026-05-12,0.26,,0.6,,0,0,0,0,96.52,96.52,1.82,1.82,0.46,0.46,0,0,0.24,0.24,0.1,0.1,0.1,0.1,0,0,0,0,0,0,0,0,0,0
2026-05-13,0.26,,0.6,,0,0,0,0,96.52,96.52,1.82,1.82,0.46,0.46,0,0,0.24,0.24,0.1,0.1,0.1,0.1,0,0,0,0,0,0,0,0,0,0
2026-05-14,0.41,,4.59,,0,0,0,0,82.85,82.85,6.81,6.81,3.37,3.37,0.55,0.55,0.18,0.18,0.78,0.78,0.78,0.78,0.07,0.07,0.09,0.09,0.03,0.03,0,0,0,0
2026-05-15,0.41,,4.59,,0,0,0,0,82.85,82.85,6.81,6.81,3.37,3.37,0.55,0.55,0.18,0.18,0.7,0.7,0.7,0.7,0.07,0.07,0.09,0.09,0.03,0.03,0,0,0,0
2026-05-16,0.41,,4.59,,0,0,0,0,82.85,82.85,6.81,6.81,3.37,3.37,0.55,0.55,0.18,0.18,0.78,0.78,0.78,0.78,0.07,0.07,0.09,0.09,0.03,0.03,0,0,0,0
2026-05-17,0.41,,4.59,,0,0,0,0,82.85,82.85,6.81,6.81,3.37,3.37,0.55,0.55,0.18,0.18,0.78,0.78,0.78,0.78,0.07,0.07,0.09,0.09,0.03,0.03,0,0,0,0
2026-05-18,0.41,,4.59,,0,0,0,0,82.85,82.85,6.81,6.81,3.37,3.37,0.55,0.55,0.18,0.18,0.78,0.78,0.78,0.78,0.07,0.07,0.09,0.09,0.03,0.03,0,0,0,0
2026-05-19,0.26,,0.6,,0,0,0,0,96.52,96.52,1.82,1.82,0.46,0.46,0,0,0,0,0.1,0.1,0.1,0.1,0,0,0.24,0.24,0,0,0,0,0,0
2026-05-20,0.41,,4.59,,0,0,0,0,82.85,82.85,6.81,6.81,3.37,3.37,0.55,0.55,0.18,0.18,0.78,0.78,0.78,0.78,0.07,0.07,0.09,0.09,0.03,0.03,0,0,0,0
2026-05-21,0.41,,4.59,,0,0,0,0,82.85,82.85,6.81,6.81,3.37,3.37,0.55,0.55,0.18,0.18,0.78,0.78,0.78,0.78,0.07,0.07,0.09,0.09,0.03,0.03,0,0,0,0
2026-05-22,0.26,,0.6,,0,0,0,0,96.52,96.52,1.82,1.82,0.46,0.46,0.1,0.1,0,0,0.24,0.24,0.24,0.24,0,0,0.24,0.24,0,0,0,0,0,0
2026-05-23,0.26,,0.6,,0,0,0,0,96.52,96.52,1.82,1.82,0.46,0.46,0.1,0.1,0,0,0.24,0.24,0.24,0.24,0,0,0,0,0,0,0,0,0,0
2026-05-24,0.41,,4.59,,0,0,0,0,82.85,82.85,6.81,6.81,3.37,3.37,0.78,0.78,0.55,0.55,0.18,0.18,0.18,0.18,0.09,0.09,0.07,0.07,0.03,0.03,0,0,0,0
2026-05-25,0.41,,4.59,,0,0,0,0,82.85,82.85,6.81,6.81,3.37,3.37,0.78,0.78,0.55,0.55,0.18,0.18,0.18,0.18,0.09,0.09,0.07,0.07,3,3,0,0,0,0
2026-05-26,0.41,,4.59,,0,0,0,0,82.85,82.85,6.81,6.81,3.37,3.37,0.78,0.78,0.55,0.55,0.18,0.18,0.18,0.18,0.09,0.09,0.07,0.07,0.03,0.03,0,0,0,0
2026-05-27,0.26,,0.6,,0,0,0,0,96.52,96.52,1.82,1.82,0.46,0.46,0.1,0.1,0,0,0.24,0.24,0.24,0.24,0,0,0,0,0,0,0,0,0,0
2026-05-28,0.26,,0.6,,0,0,0,0,96.52,96.52,1.82,1.82,0.46,0.46,0.16,0.16,0,0,0.24,0.24,0.24,0.24,0,0,0,0,0,0,0,0,0,0
2026-05-29,0.26,,0.6,,0,0,0,0,96.52,96.52,1.82,1.82,0.46,0.46,0.1,0.1,0,0,0.24,0.24,0.24,0.24,0,0,0,0,0,0,0,0,0,0
2026-05-30,0.26,,0.6,,0,0,0,0,96.52,96.52,1.82,1.82,0.46,0.46,0.1,0.1,0,0,0.24,0.24,0.24,0.24,0,0,0,0,0,0,0,0,0,0
2026-05-31,0.26,,0.6,,0,0,0,0,96.52,96.52,1.82,1.82,0.46,0.46,0.1,0.1,0,0,0.24,0.24,0.24,0.24,0,0,0,0,0,0,0,0,0,0
2026-06-01,0.26,,0.6,,0,0,0,0,96.52,96.52,1.82,1.82,0.16,0.16,0.1,0.1,0,0,0.24,0.24,0.24,0.24,0,0,0,0,0,0,0,0,0,0
2026-06-02,0.41,,4.59,,0,0,0,0,82.85,82.85,6.81,6.81,3.37,3.37,0.78,0.78,0.55,0.55,0.15,0.15,0.15,0.15,0.09,0.09,0.07,0.07,0.03,0.03,0,0,0,0
2026-06-03,0.41,,4.59,,0,0,0,0,82.85,82.85,6.81,6.81,3.37,3.37,0.78,0.78,0.55,0.55,0.18,0.18,0.18,0.18,0.09,0.09,0.07,0.07,0.03,0.03,0,0,0,0
2026-06-04,0.26,,0.6,,0,0,0,0,96.52,96.52,1.82,1.82,0.16,0.16,0.1,0.1,0,0,0.24,0.24,0.24,0.24,0,0,0,0,0,0,0,0,0,0
2026-06-05,0.41,,4.59,,0,0,0,0,82.85,82.85,6.81,6.81,3.37,3.37,0.78,0.78,0.55,0.55,0.18,0.18,0.18,0.18,0.09,0.09,0.07,0.07,0.03,0.03,0,0,0,0
2026-06-06,0.41,,4.59,,0,0,0,0,82.85,82.85,6.81,6.81,3.37,3.37,0.78,0.78,0.55,0.55,0.18,0.18,0.18,0.18,0.09,0.09,0.07,0.07,0.03,0.03,0,0,0,0
2026-06-07,0.26,,0.6,,0,0,0,0,96.52,96.52,1.82,1.82,0.16,0.16,0.1,0.1,0,0,0.24,0.24,0.24,0.24,0,0,0,0,0,0,0,0,0,0
2026-06-08,0.26,,0.6,,0,0,0,0,96.52,96.52,1.82,1.82,0.16,0.16,0.1,0.1,0,0,0.24,0.24,0.24,0.24,0,0,0,0,0,0,0,0,0,0
2026-06-09,0.26,,0.6,,0,0,0,0,96.52,96.52,1.82,1.82,0.16,0.16,0.1,0.1,0,0,0.24,0.24,0.24,0.24,0,0,0,0,0,0,0,0,0,0
2026-06-10,0.26,,0.6,,0,0,0,0,96.52,96.52,1.82,1.82,0.16,0.16,0.1,0.1,0,0,0.24,0.24,0.24,0.24,0,0,0,0,0,0,0,0,0,0
2026-06-11,0.26,,0.6,,0,0,0,0,96.52,96.52,1.82,1.82,0.16,0.16,0.1,0.1,0,0,0.24,0.24,0.24,0.24,0,0,0,0,0,0,0,0,0,0
2026-06-12,0.26,,0.6,,0,0,0,0,96.52,96.52,1.82,1.82,0.16,0.16,0.1,0.1,0,0,0.24,0.24,0.24,0.24,0,0,0,0,0,0,0,0,0,0
2026-06-13,0.26,,0.6,,0,0,0,0,96.52,96.52,1.82,1.82,0.16,0.16,0.1,0.1,0,0,0.24,0.24,0.24,0.24,0,0,0,0,0,0,0,0,0,0
2026-06-14,0.26,,0.6,,0,0,0,0,96.52,96.52,1.82,1.82,0.16,0.16,0.1,0.1,0,0,0.24,0.24,0.24,0.24,0,0,0,0,0,0,0,0,0,0
2026-06-15,0.26,,0.6,,0,0,0,0,96.52,96.52,1.82,1.82,0.16,0.16,0.1,0.1,0,0,0.24,0.24,0.24,0.24,0,0,0,0,0,0,0,0,0,0
2026-06-16,0.26,,0.6,,0,0,0,0,96.52,96.52,1.82,1.82,0.16,0.16,0.1,0.1,0,0,0.24,0.24,0.24,0.24,0,0,0,0,0,0,0,0,0,0
2026-06-17,0.41,,4.59,,0,0,0,0,82.85,82.85,6.81,6.81,3.37,3.37,0.78,0.78,0.55,0.55,0.18,0.18,0.18,0.18,0.09,0.09,0.07,0.07,0.03,0.03,0,0,0,0
2026-06-18,0.26,,0.6,,0,0,0,0,96.52,96.52,1.82,1.82,0.16,0.16,0.1,0.1,0,0,0.24,0.24,0.24,0.24,0,0,0,0,0,0,0,0,0,0
2026-06-19,0.26,,0.6,,0,0,0,0,96.52,96.52,1.82,1.82,0.16,0.16,0.1,0.1,0,0,0.21,0.21,0.21,0.21,0,0,0,0,0,0,0,0,0,0
2026-06-20,0.26,,0.6,,0,0,0,0,96.52,96.52,1.82,1.82,0.16,0.16,0.1,0.1,0,0,0.24,0.24,0.24,0.24,0,0,0,0,0,0,0,0,0,0
2026-06-21,0,,0,,0,0,0,0,0,0,0,0,0,0,0,0,0,0,0,0,0,0,0,0,0,0,0,0,0,0,0,0
2026-06-22,0.26,,0.6,,0,0,0,0,96.52,96.52,1.82,1.82,0.46,0.46,0.1,0.1,0,0,0.24,0.24,0.24,0.24,0,0,0,0,0,0,0,0,0,0
2026-06-23,0.26,,0.6,,0,0,0,0,96.52,96.52,1.82,1.82,0.46,0.46,0.1,0.1,0,0,0.24,0.24,0.24,0.24,0,0,0,0,0,0,0,0,0,0
2026-06-24,0.26,,0.6,,0,0,0,0,95.52,95.52,1.82,1.82,0.46,0.46,0.1,0.1,0,0,0.24,0.24,0.24,0.24,0,0,0,0,0,0,0,0,0,0
2026-06-25,0.26,,0.6,,0,0,0,0,96.52,96.52,1.82,1.82,0.16,0.16,0.1,0.1,0,0,0.24,0.24,0.24,0.24,0,0,0,0,0,0,0,0,0,0
2026-06-26,0.26,,0.6,,0,0,0,0,96.52,96.52,1.82,1.82,0.16,0.16,0,0,0,0,0,0,0,0,0,0,0,0,0,0,0,0,0,0
2026-06-27,0.26,,0.6,,0,0,0,0,96.52,96.52,1.82,1.82,0.16,0.16,0.15,0.15,0.13,0.13,0.01,0.01,0.01,0.01,0,0,0,0,0,0,0,0,0,0
2026-06-28,5.11,,0,,,,,,95,95,2.97,2.97,0.69,0.69,,,,,,,,,,,,,,,,,,
2026-06-29,0.38,,0.66,,0,0,0,0,96.01,96.01,2.52,2.52,0.08,0.08,0..14,0..14,0.12,0.12,0.01,0.01,0.01,0.01,0,0,0,0,0,0,0,0,0,0
2026-06-30,0.09,,0,,0,0,0,0,95.96,95.96,2.96,2.96,0.68,0.68,0.14,0.14,0.12,0.12,0.01,0.01,0.01,0.01,0,0,0,0,0,0,0,0,0,0
2026-07-01,0.09,,0,,0,0,0,0,95.94,95.94,2.98,2.98,0.69,0.69,0.15,0.15,0.12,0.12,0.01,0.01,0.01,0.01,0,0,0,0,0,0,0,0,0,0
2026-07-02,0.09,,0,,0,0,0,0,95.94,95.94,2.99,2.99,0.69,0.69,0.15,0.15,0.12,0.12,0.01,0.01,0.01,0.01,0,0,0,0,0,0,0,0,0,0
2026-07-03,0.09,,0,,0,0,0,0,95.96,95.96,2.96,2.96,0.68,0.68,0.15,0.15,0.12,0.12,0.01,0.01,0.01,0.01,0,0,0,0,0,0,0,0,0,0
2026-07-04,0.09,,0,,0,0,0,0,96,96,2.93,2.93,0.67,0.67,0.15,0.15,0.12,0.12,0.01,0.01,0.01,0.01,0.01,0.01,0,0,0,0,0,0,0,0
2026-07-05,0.1,,0,,0,0,0,0,96.01,96.01,2.91,2.91,0.67,0.67,0.15,0.15,0.12,0.12,0.01,0.01,0.01,0.01,0.01,0.01,0,0,0,0,0,0,0,0
2026-07-06,0.09,,0,,0,0,0,0,96.01,96.01,2.91,2.91,0.67,0.67,0.15,0.15,0.12,0.12,0.01,0.01,0.01,0.01,0.01,0.01,0.01,0.01,0,0,0,0,0,0
2026-07-07,0.09,,0,,0,0,0,0,95.95,95.95,2.96,2.96,0.68,0.68,0.15,0.15,0.12,0.12,0.01,0.01,0.01,0.01,0.01,0.01,0.01,0.01,0,0,0,0,0,0
2026-07-08,0.09,,0,,0,0,0,0,95.95,95.95,2.96,2.96,0.68,0.68,0.14,0.14,0.12,0.12,0.01,0.01,0.01,0.01,0.01,0.01,0.01,0.01,0,0,0,0,0,0
2026-07-09,0.1,,0,,,,,,96.04,96.04,2.89,2.89,0.66,0.66,,,,,,,,,,,,,,,,,,
2026-07-10,0.43,,0.06,,,,,,0.07,0.07,0,0,0,0,,,,,,,,,,,,,,,,,,
2026-07-11,0.43,,0.06,,,,,,0.87,0.87,0,0,0,0,,,,,,,,,,,,,,,,,,
2026-07-12,0.04,,0,,,,,,96.95,96.95,2.4,2.4,0.44,0.44,,,,,,,,,,,,,,,,,,
2026-07-13,0.0356,,0,,,,,,96.8841,96.8841,2.4581,2.4581,0.4456,0.4456,,,,,,,,,,,,,,,,,,
2026-07-14,0.0356,,0,,,,,,96.879,96.879,2.4622,2.4622,0.4457,0.4457,,,,,,,,,,,,,,,,,,
2026-07-15,0.036,,0,,,,,,96.8714,96.8714,2.4668,2.4668,0.4468,0.4468,,,,,,,,,,,,,,,,,,
2026-07-16,0.0352,,0,,,,,,96.8581,96.8581,2.4775,2.4775,0.4494,0.4494,,,,,,,,,,,,,,,,,,
2026-07-17,0.0389,,0,,,,,,96.8251,96.8251,2.4965,2.4965,0.4534,0.4534,,,,,,,,,,,,,,,,,,
2026-07-18,0.0345,,0,,,,,,96.8106,96.8106,2.5123,2.5123,0.4577,0.4577,,,,,,,,,,,,,,,,,,
2026-07-19,0.0326,,0,,,,,,96.7822,96.7822,2.5381,2.5381,0.4631,0.4631,,,,,,,,,,,,,,,,,,
2026-07-20,0.0335,,0,,,,,,96.7634,96.7634,2.5481,2.5481,0.4655,0.4655,,,,,,,,,,,,,,,,,,
2026-07-21,0.0331,,0,,0,0,0,0,96.757,96.757,2.5566,2.5566,0.1687,0.1687,0,0,0.0702,0.0702,0.0051,0.0051,0.0051,0.0051,0.0065,0.0065,0.0049,0.0049,0.0024,0.0024,0,0,0,0
2026-07-22,0.0341,,0,,0,0,0,0,96.7317,96.7317,2.5737,2.5737,0.4725,0.4725,0.0827,0.0827,0.071,0.071,0.0045,0.0045,0.0045,0.0045,0.0074,0.0074,0.0055,0.0055,0.0027,0.0027,0,0,0,0
2026-07-23,0.0344,0.0344,0,0,0,0,0,0,96.7084,96.7084,2.5913,2.5913,0.4768,0.4768,0.083532,0.083526,0.072077,0.072033,0.004699,0.004695,0.01464,0.01464,0.014213,0.01405,0,0,0,0,0,0,0,0
2026-07-24,0.033,0.033,0,0,0,0,0,0,96.7138,96.7138,2.584,2.584,0.4753,0.4753,0.08427,0.08427,0.07198,0.07198,0.00511,0.00511,0.01465,0.01465,0.01788,0.01788,0,0,0,0,0,0,0,0
2026-07-25,0,0.29484,0,0,0,0,0,0,0,96.6649,0,2.627,0,0.4862,0,0.085864,0,0.073778,0,0.004934,0,0.015245,0,0.012604,0,0,0,0,0,0,0,0
2026-07-26,0,0.29435,0,0,0,0,0,0,0,96.6434,0,2.6407,0,0.4902,0,0.087062,0,0.074947,0,0.005202,0,0.015412,0,0.013622,0,0,0,0,0,0,0,0
2026-07-27,,,,,,,,,,,,,,,,,,,,,,,,,,,,,,,,
2026-07-28,0,0.033,0,0,0,0,0,0,0,96.7138,0,2.584,0,0.4753,0,0.08427,0,0.07198,0,0.00511,0,0.01465,0,0.01788,0,0,0,0,0,0,0,0
2026-07-29,,,,,,,,,,,,,,,,,,,,,,,,,,,,,,,,
2026-07-30,,,,,,,,,,,,,,,,,,,,,,,,,,,,,,,,
