Date,"Cum. M-101A
UVOL (MMCF)","Cum. M-101A
CVOL (MMCF)","Cum. M-101A 
Mass (Tonne)","Cum. M-101A 
(MMBTU)","Cum. M-101B
UVOL (MMCF)","Cum. M-101B
CVOL (MMCF)","Cum. M-101B 
Mass (Tonne)","Cum. M-101B 
(MMBTU)","Cum. STATION
UVOL (MMCF)","Cum. STATION
CVOL (MMCF)","Cum. STATION
Mass (Tonne)","Cum. STATION
(MMBTU)","Daily M-101A
UVOL MMCF","Daily M-101A
CVOL MMCF","Daily M-101A 
Mass Tonne","Daily M-101A 
(MMBTU)","Daily M-101B
UVOL MMCF","Daily M-101B
CVOL MMCF","Daily M-101B 
Mass Tonne","Daily M-101B
(MMBTU)","Daily STATION
UVOL (MMCF)","Daily STATION
CVOL (MMCF)","Daily STATION
Mass (Tonne)","Daily STATION
(MMBTU)","Press (Barg)
M-101A","Temp (℃) 
M-101A ","Line Dens
kg/㎥","Line Compress
(Zf) M-101A ","GHV (BTU/SCF)
M-101A","Press (Barg)
M-101B","Temp (℃) 
M-101B ","Line Dens
kg/㎥","Line Compress
(Zf) M-101B ","GHV (BTU/SCF)
M-101B",,,,,,,,,,,,,,,,,,,,,,,
2026-05-01,,,,1259.09,,,,1259.09,,,,,,,,0,,,,0,,,,,0,0,,,,,,,,993.05,,,,,,,,,,,,,,,,,,,,,,,
2026-05-02,,,,1259.75,,,,1259.75,,,,,,,,0,,,,0,,,,,0,0,,,,,,,,993.05,,,,,,,,,,,,,,,,,,,,,,,
2026-05-03,,,,1259.75,,,,1259.75,,,,,,,,0,,,,0,,,,,0,0,,,,,,,,993.05,,,,,,,,,,,,,,,,,,,,,,,
2026-05-04,,,,1259.75,,,,1259.75,,,,,,,,0,,,,0,,,,,0,0,,,,,,,,993.05,,,,,,,,,,,,,,,,,,,,,,,
2026-05-05,,,,,,,,,,,,,,,,0,,,,0,,,,,0,0,,,,,,,,993.05,,,,,,,,,,,,,,,,,,,,,,,
2026-05-06,,,,1347.74,,,,1347.74,,,,,,,,0,,,,0,,,,,0,0,,,,,,,,993.05,,,,,,,,,,,,,,,,,,,,,,,
2026-05-07,,,,1347.74,,,,1347.74,,,,,,,,0,,,,0,,,,,0,0,,,,,,,,993.05,,,,,,,,,,,,,,,,,,,,,,,
2026-05-08,,,,1347.74,,,,1347.74,,,,,,,,0,,,,0,,,,,0,0,,,,,,,,993.05,,,,,,,,,,,,,,,,,,,,,,,
2026-05-09,,,,2023.01,,,,2023.01,,,,,,,,0,,,,0,,,,,0,0,,,,,,,,993.05,,,,,,,,,,,,,,,,,,,,,,,
2026-05-10,,,,2023.01,,,,2023.01,,,,,,,,0,,,,0,,,,,0,0,,,,,,,,993.05,,,,,,,,,,,,,,,,,,,,,,,
2026-05-11,,,,2023.01,,,,2023.01,,,,,,,,0,,,,0,,,,,0,0,,,,,,,,993.05,,,,,,,,,,,,,,,,,,,,,,,
2026-05-12,,,,1347.74,,,,1347.74,,,,,,,,0,,,,0,,,,,0,0,,,,,,,,993.05,,,,,,,,,,,,,,,,,,,,,,,
2026-05-13,,,,1347.74,,,,1347.74,,,,,,,,0,,,,0,,,,,0,0,,,,,,,,993.05,,,,,,,,,,,,,,,,,,,,,,,
2026-05-14,,,,2023.01,,,,2023.01,,,,,,,,0,,,,0,,,,,0,0,,,,,,,,993.05,,,,,,,,,,,,,,,,,,,,,,,
2026-05-15,,,,2023.01,,,,2023.01,,,,,,,,0,,,,0,,,,,0,0,,,,,,,,993.05,,,,,,,,,,,,,,,,,,,,,,,
2026-05-16,,,,2023.01,,,,2023.01,,,,,,,,0,,,,0,,,,,0,0,,,,,,,,993.05,,,,,,,,,,,,,,,,,,,,,,,
2026-05-17,,,,2023.01,,,,2023.01,,,,,,,,0,,,,0,,,,,0,0,,,,,,,,993.05,,,,,,,,,,,,,,,,,,,,,,,
2026-05-18,,,,2023.01,,,,2023.01,,,,,,,,0,,,,0,,,,,0,0,,,,,,,,993.05,,,,,,,,,,,,,,,,,,,,,,,
2026-05-19,,,,1347.74,,,,1347.74,,,,,,,,0,,,,0,,,,,0,0,,,,,,,,993.05,,,,,,,,,,,,,,,,,,,,,,,
2026-05-20,,,,2023.01,,,,2023.01,,,,,,,,0,,,,0,,,,,0,0,,,,,,,,993.05,,,,,,,,,,,,,,,,,,,,,,,
2026-05-21,,,,2023.01,,,,2023.01,,,,,,,,0,,,,0,,,,,0,0,,,,,,,,993.05,,,,,,,,,,,,,,,,,,,,,,,
2026-05-22,,,,1347.74,,,,1347.74,,,,,,,,0,,,,0,,,,,0,0,,,,,,,,993.05,,,,,,,,,,,,,,,,,,,,,,,
2026-05-23,,,,1347.74,,,,1347.74,,,,,,,,0,,,,0,,,,,0,0,,,,,,,,993.05,,,,,,,,,,,,,,,,,,,,,,,
2026-05-24,,,,2023.01,,,,2023.01,,,,,,,,0,,,,0,,,,,0,0,,,,,,,,993.05,,,,,,,,,,,,,,,,,,,,,,,
2026-05-25,,,,2023.01,,,,2023.01,,,,,,,,0,,,,0,,,,,0,0,,,,,,,,993.05,,,,,,,,,,,,,,,,,,,,,,,
2026-05-26,,,,2023.01,,,,2023.01,,,,,,,,0,,,,0,,,,,0,0,,,,,,,,993.05,,,,,,,,,,,,,,,,,,,,,,,
2026-05-27,,,,1347.74,,,,1347.74,,,,,,,,0,,,,0,,,,,0,0,,,,,,,,993.05,,,,,,,,,,,,,,,,,,,,,,,
2026-05-28,,,,1347.74,,,,1347.74,,,,,,,,0,,,,0,,,,,0,0,,,,,,,,993.05,,,,,,,,,,,,,,,,,,,,,,,
2026-05-29,,,,1347.74,,,,1347.74,,,,,,,,0,,,,0,,,,,0,0,,,,,,,,993.05,,,,,,,,,,,,,,,,,,,,,,,
2026-05-30,,,,1347.74,,,,1347.74,,,,,,,,0,,,,0,,,,,0,0,,,,,,,,993.05,,,,,,,,,,,,,,,,,,,,,,,
2026-05-31,,,,1347.74,,,,1347.74,,,,,,,,0,,,,0,,,,,0,0,,,,,,,,993.05,,,,,,,,,,,,,,,,,,,,,,,
2026-06-01,,,,1347.74,,,,1347.74,,,,,,,,0,,,,0,,,,,0,0,,,,,,,,993.05,,,,,,,,,,,,,,,,,,,,,,,
2026-06-02,,,,2023.01,,,,2023.01,,,,,,,,0,,,,0,,,,,0,0,,,,,,,,993.05,,,,,,,,,,,,,,,,,,,,,,,
2026-06-03,,,,2023.01,,,,2023.01,,,,,,,,0,,,,0,,,,,0,0,,,,,,,,993.05,,,,,,,,,,,,,,,,,,,,,,,
2026-06-04,,,,1347.74,,,,1347.74,,,,,,,,0,,,,0,,,,,0,0,,,,,,,,993.05,,,,,,,,,,,,,,,,,,,,,,,
2026-06-05,,,,2023.01,,,,2023.01,,,,,,,,0,,,,0,,,,,0,0,,,,,,,,993.05,,,,,,,,,,,,,,,,,,,,,,,
2026-06-06,,,,2023.01,,,,2023.01,,,,,,,,0,,,,0,,,,,0,0,,,,,,,,993.05,,,,,,,,,,,,,,,,,,,,,,,
2026-06-07,,,,1347.74,,,,1347.74,,,,,,,,0,,,,0,,,,,0,0,,,,,,,,993.05,,,,,,,,,,,,,,,,,,,,,,,
2026-06-08,,,,1347.74,,,,1347.74,,,,,,,,0,,,,0,,,,,0,0,,,,,,,,993.05,,,,,,,,,,,,,,,,,,,,,,,
2026-06-09,,,,1347.74,,,,1347.74,,,,,,,,0,,,,0,,,,,0,0,,,,,,,,993.05,,,,,,,,,,,,,,,,,,,,,,,
2026-06-10,,,,1347.74,,,,1347.74,,,,,,,,0,,,,0,,,,,0,0,,,,,,,,993.05,,,,,,,,,,,,,,,,,,,,,,,
2026-06-11,,,,1347.74,,,,1347.74,,,,,,,,0,,,,0,,,,,0,0,,,,,,,,993.05,,,,,,,,,,,,,,,,,,,,,,,
2026-06-12,,,,1347.74,,,,1347.74,,,,,,,,0,,,,0,,,,,0,0,,,,,,,,993.05,,,,,,,,,,,,,,,,,,,,,,,
2026-06-13,,,,1347.74,,,,1347.74,,,,,,,,0,,,,0,,,,,0,0,,,,,,,,993.05,,,,,,,,,,,,,,,,,,,,,,,
2026-06-14,,,,1347.74,,,,1347.74,,,,,,,,0,,,,0,,,,,0,0,,,,,,,,993.05,,,,,,,,,,,,,,,,,,,,,,,
2026-06-15,,,,1347.74,,,,1347.74,,,,,,,,0,,,,0,,,,,0,0,,,,,,,,993.05,,,,,,,,,,,,,,,,,,,,,,,
2026-06-16,,,,1347.74,,,,1347.74,,,,,,,,0,,,,0,,,,,0,0,,,,,,,,993.05,,,,,,,,,,,,,,,,,,,,,,,
2026-06-17,,,,2023.01,,,,2023.01,,,,,,,,0,,,,0,,,,,0,0,,,,,,,,993.05,,,,,,,,,,,,,,,,,,,,,,,
2026-06-18,,,,1347.74,,,,1347.74,,,,,,,,0,,,,0,,,,,0,0,,,,,,,,993.05,,,,,,,,,,,,,,,,,,,,,,,
2026-06-19,,,,1753.37,,,,1753.37,,,,,,,,5.63,,,,5.63,,,,,7.3175,27.77,,,,,,,,993.05,,,,,,,,,,,,,,,,,,,,,,,
2026-06-20,,,,1356.79,,,,1356.79,,,,,,,,1.42,,,,1.42,,,,,0,0,,,,,,,,993.05,,,,,,,,,,,,,,,,,,,,,,,
2026-06-21,,,,2029.34,,,,2029.34,,,,,,,,1.29,,,,1.29,,,,,0,0,,,,,,,,993.05,,,,,,,,,,,,,,,,,,,,,,,
2026-06-22,,,,1362.09,,,,1362.09,,,,,,,,0,,,,0,,,,,0,0,,,,,,,,993.05,,,,,,,,,,,,,,,,,,,,,,,
2026-06-23,,,,1362.09,,,,1362.09,,,,,,,,0,,,,0,,,,,0,0,,,,,,,,993.05,,,,,,,,,,,,,,,,,,,,,,,
2026-06-24,,,,1362.09,,,,1362.09,,,,,,,,0,,,,0,,,,,0,0,,,,,,,,993.05,,,,,,,,,,,,,,,,,,,,,,,
2026-06-25,,,,1362.09,,,,1362.09,,,,,,,,0,,,,0,,,,,0,0,,,,,,,,993.05,,,,,,,,,,,,,,,,,,,,,,,
2026-06-26,,,,2029.45,,,,2029.45,,,,,,,,0.11,,,,0.11,,,,,0,0,,,,,,,,993.05,,,,,,,,,,,,,,,,,,,,,,,
2026-06-27,,,,2051.34,,,,2051.34,,,,,,,,21.81,,,,21.81,,,,,0,0,,,,,,,,993.05,,,,,,,,,,,,,,,,,,,,,,,
2026-06-28,,,,,,,,,,,,,,,,21.81,,,,21.81,,,,,0,0,,,,,,,,993.05,,,,,,,,,,,,,,,,,,,,,,,
2026-06-29,,,,2052.22,,,,2052.22,,,,,,,,0,,,,0,,,,,0,0,,,,,,,,993.05,,,,,,,,,,,,,,,,,,,,,,,
2026-06-30,,,,2052.25,,,,2052.25,,,,,,,,0.03,,,,0.03,,,,,0,0,,,,,,,,993.05,,,,,,,,,,,,,,,,,,,,,,,
2026-07-01,,,,2052.25,,,,2052.25,,,,,,,,0,,,,0,,,,,0,0,,,,,,,,993.05,,,,,,,,,,,,,,,,,,,,,,,
2026-07-02,,,,2052.25,,,,2052.25,,,,,,,,0,,,,0,,,,,0,0,,,,,,,,993.05,,,,,,,,,,,,,,,,,,,,,,,
2026-07-03,,,,2052.25,,,,2052.25,,,,,,,,0,,,,0,,,,,0,0,,,,,,,,993.05,,,,,,,,,,,,,,,,,,,,,,,
2026-07-04,,,,2052.25,,,,2052.25,,,,,,,,0,,,,0,,,,,0,0,,,,,,,,993.05,,,,,,,,,,,,,,,,,,,,,,,
2026-07-05,,,,2052.25,,,,2052.25,,,,,,,,0,,,,0,,,,,0,0,,,,,,,,993.05,,,,,,,,,,,,,,,,,,,,,,,
2026-07-06,,,,1397.53,,,,1397.53,,,,,,,,0,,,,0,,,,,0,0,,,,,,,,993.05,,,,,,,,,,,,,,,,,,,,,,,
2026-07-07,,,,1397.53,,,,1397.53,,,,,,,,0,,,,0,,,,,0,0,,,,,,,,993.05,,,,,,,,,,,,,,,,,,,,,,,
2026-07-08,,,,2052.25,,,,2052.25,,,,,,,,0,,,,0,,,,,0,0,,,,,,,,993.05,,,,,,,,,,,,,,,,,,,,,,,
2026-07-09,,,,,,,,,,,,,,,,0,,,,0,,,,,0,0,,,,,,,,993.05,,,,,,,,,,,,,,,,,,,,,,,
2026-07-10,,,,,,,,,,,,,,,,0,,,,0,,,,,0,0,,,,,,,,993.05,,,,,,,,,,,,,,,,,,,,,,,
2026-07-11,,,,,,,,,,,,,,,,0,,,,0,,,,,0,0,,,,,,,,993.05,,,,,,,,,,,,,,,,,,,,,,,
2026-07-12,,,,,,,,,,,,,,,,0,,,,0,,,,,0,0,,,,,,,,993.05,,,,,,,,,,,,,,,,,,,,,,,
2026-07-13,,,,,,,,,,,,,,,,0,,,,0,,,,,0,0,,,,,,,,1045.6825,,,,,,,,,,,,,,,,,,,,,,,
2026-07-14,,,,,,,,,,,,,,,,0,,,,0,,,,,0,0,,,,,,,,1045.7471,,,,,,,,,,,,,,,,,,,,,,,
2026-07-15,,,,,,,,,,,,,,,,0,,,,0,,,,,0,0,,,,,,,,1045.8246,,,,,,,,,,,,,,,,,,,,,,,
2026-07-16,,,,,,,,,,,,,,,,0,,,,0,,,,,0,0,,,,,,,,1045.9685,,,,,,,,,,,,,,,,,,,,,,,
2026-07-17,,,,,,,,,,,,,,,,0,,,,0,,,,,0,0,,,,,,,,1046.3724,,,,,,,,,,,,,,,,,,,,,,,
2026-07-18,,,,,,,,,,,,,,,,0,,,,0,,,,,0,0,,,,,,,,1046.5242,,,,,,,,,,,,,,,,,,,,,,,
2026-07-19,,,,,,,,,,,,,,,,0,,,,0,,,,,0,0,,,,,,,,1046.7521,,,,,,,,,,,,,,,,,,,,,,,
2026-07-20,,,,,,,,,,,,,,,,0,,,,0,,,,,0,0,,,,,,,,1047.051,,,,,,,,,,,,,,,,,,,,,,,
2026-07-21,,,,3891.31,,,,3891.31,,,,,,,,3891.29,,,,3891.29,,,,,0,0,,,,,,,,1046.9571,,,,,,,,,,,,,,,,,,,,,,,
2026-07-22,,,,7490.47,,,,7490.47,,,,,,,,3599.16,,,,3599.16,,,,,0,0,,,,,,,,1047.244,,,,,,,,,,,,,,,,,,,,,,,
2026-07-23,0.94,0.95,18.96,995.13,1.27,1.27,25.39,1332.46,2.21,2.22,44.35,2327.59,0.94,0.95,18.9,995.13,1.27,1.27,25.39,1332.46,2.21,2.22,44.35,2327.59,10,24.8032,7.5428,0.9794,1047.3081,10,25.2102,7.5248,0.9795,1047.3081,,,,,,,,,,,,,,,,,,,,,,,
2026-07-24,0.04,0.04,0.95,50.05,0.03,0.03,0.72,37.86,0.07,0.07,1.67,87.91,0.04,0.04,0.95,50.05,0.03,0.03,0.72,37.86,0.07,0.07,1.67,87.91,8.4519,45.3961,6.0997,0.9855,1047.4736,6.9265,30.2702,5.3353,0.986,1047.4736,,,,,,,,,,,,,,,,,,,,,,,
2026-07-25,6.07,6.07,121.28,6364.02,5.86,5.86,117.2,6149.77,11.93,11.93,238.48,12513.79,6.01,6.01,119.31,6294.31,5.82,5.82,116.28,6101.43,11.83,11.83,236.24,12395.74,0,0,0,0,0,0.722,25.8164,1.1653,0.9968,1047.9067,,,,,,,,,,,,,,,,,,,,,,,
2026-07-26,6.07,6.07,121.28,6364.02,6.23,6.23,124.59,6537.41,12.3,12.3,245.87,12901.43,0,0,0,0,0.37,0.37,7.39,387.64,0.37,0.37,7.39,387.64,0,0,0,0,0,0.7151,27.0167,1.1563,0.9968,1048.1753,,,,,,,,,,,,,,,,,,,,,,,
2026-07-27,,,,,,,,,,,,,,,,193.02,,,,421.2,,,,,0.1154,17.5041,,,,,,,,1049.2626,,,,,,,,,,,,,,,,,,,,,,,
2026-07-28,6.2,6.21,124.06,6509.65,7.12,7.12,142.29,7466.06,13.32,13.33,266.35,13975.71,0,0,0,0,0.433,0.43,8.49,445.36,0.43,0.43,8.49,445.36,0,0,0,0,0,1.899,34.6398,1.922,0.9949,1047.4736,,,,,,,,,,,,,,,,,,,,,,,
2026-07-29,,,,,,,,,,,,,,,,,,,,,,,,,,,,,,,,,,,,,,,,,,,,,,,,,,,,,,,,,
2026-07-30,,,,,,,,,,,,,,,,,,,,,,,,,,,,,,,,,,,,,,,,,,,,,,,,,,,,,,,,,
